{
  "Q_6": {
    "nodes": [
      "CA1sp",
      "HPF",
      "BLA",
      "sAMY",
      "HY",
      "LA"
    ],
    "node_symbols": [
      "CA1sp",
      "HPF",
      "BLA",
      "sAMY",
      "HY",
      "LA"
    ],
    "region_to_idx": {
      "BLA": 0,
      "CA1sp": 1,
      "HPF": 2,
      "HY": 3,
      "LA": 4,
      "sAMY": 5
    },
    "b1": 1,
    "b1_cycles": [
      [
        3,
        9,
        11
      ]
    ],
    "surface": "cylinder",
    "n_arrows": 14,
    "q_max": 4,
    "description": "6-region model (no PAL, no LSX) \u2014 cylinder b1=1",
    "relations": [
      "f_CA1sp_HPF*f_HPF_BLA - 104848401.13425562*f_CA1sp_BLA",
      "f_CA1sp_HPF*f_HPF_sAMY - 1170812.3569494174*f_CA1sp_sAMY",
      "f_CA1sp_sAMY*f_sAMY_BLA - 30972346.41954238*f_CA1sp_BLA",
      "f_CA1sp_sAMY*f_sAMY_HY - 2150420.691102798*f_CA1sp_HY",
      "f_CA1sp_sAMY*f_sAMY_HPF - 13.180013385681967*f_CA1sp_HPF",
      "f_CA1sp_sAMY*f_sAMY_LA - 3837645.6392072425*f_CA1sp_LA",
      "f_BLA_sAMY*f_sAMY_HY - 140249887.46525523*f_BLA_HY",
      "f_BLA_sAMY*f_sAMY_HPF - 158032813.59355867*f_BLA_HPF",
      "f_BLA_sAMY*f_sAMY_LA - 6400.817774470446*f_BLA_LA",
      "f_BLA_LA*f_LA_sAMY - 3153.4477673061265*f_BLA_sAMY",
      "f_HY_sAMY*f_sAMY_BLA - 200229022.78124848*f_HY_BLA",
      "f_HY_sAMY*f_sAMY_HPF - 15664664.603696*f_HY_HPF",
      "f_HY_sAMY*f_sAMY_LA - 24809487.331394095*f_HY_LA",
      "f_HPF_CA1sp*f_CA1sp_sAMY - 34286.651618178694*f_HPF_sAMY",
      "f_HPF_BLA*f_BLA_sAMY - 5840.548115620727*f_HPF_sAMY",
      "f_HPF_BLA*f_BLA_LA - 22300673.575813632*f_HPF_LA",
      "f_HPF_sAMY*f_sAMY_BLA - 345859.4076726519*f_HPF_BLA",
      "f_HPF_sAMY*f_sAMY_HY - 13694885.258326963*f_HPF_HY",
      "f_HPF_sAMY*f_sAMY_LA - 24439923.271064565*f_HPF_LA",
      "f_sAMY_BLA*f_BLA_LA - 315586.00524592004*f_sAMY_LA",
      "f_sAMY_HPF*f_HPF_CA1sp - 724216227.4352616*f_sAMY_CA1sp",
      "f_sAMY_HPF*f_HPF_BLA - 44.61732771866818*f_sAMY_BLA",
      "f_sAMY_LA*f_LA_BLA - 18747.14369369616*f_sAMY_BLA",
      "f_LA_BLA*f_BLA_sAMY - 1876148.464992309*f_LA_sAMY",
      "f_LA_sAMY*f_sAMY_BLA - 1076.6783916327693*f_LA_BLA",
      "f_LA_sAMY*f_sAMY_HY - 11310444.292865729*f_LA_HY",
      "f_LA_sAMY*f_sAMY_HPF - 12744547.371117042*f_LA_HPF",
      "f_CA1sp_HPF*f_HPF_CA1sp - 16.983352661132812*e_CA1sp",
      "f_HPF_CA1sp*f_CA1sp_HPF - 16.983352661132812*e_HPF",
      "f_BLA_LA*f_LA_BLA - 2.064812660217285*e_BLA",
      "f_BLA_sAMY*f_sAMY_BLA - 27.752208471298218*e_BLA",
      "f_HPF_sAMY*f_sAMY_HPF - 37.5367151722312*e_HPF",
      "f_LA_BLA*f_BLA_LA - 2.064812660217285*e_LA",
      "f_LA_sAMY*f_sAMY_LA - 97.51983719691634*e_LA",
      "f_sAMY_BLA*f_BLA_sAMY - 27.752208471298218*e_sAMY",
      "f_sAMY_HPF*f_HPF_sAMY - 37.5367151722312*e_sAMY",
      "f_sAMY_LA*f_LA_sAMY - 97.51983719691634*e_sAMY",
      "f_HY_sAMY*f_sAMY_HY - 27.09020965732634*e_HY",
      "f_sAMY_HY*f_HY_sAMY - 27.09020965732634*e_sAMY"
    ]
  },
  "Q_7P": {
    "nodes": [
      "CA1sp",
      "HPF",
      "BLA",
      "sAMY",
      "HY",
      "LA",
      "PAL"
    ],
    "node_symbols": [
      "CA1sp",
      "HPF",
      "BLA",
      "sAMY",
      "HY",
      "LA",
      "PAL"
    ],
    "region_to_idx": {
      "BLA": 0,
      "CA1sp": 1,
      "HPF": 2,
      "HY": 3,
      "LA": 4,
      "PAL": 5,
      "sAMY": 6
    },
    "b1": 2,
    "b1_cycles": [
      [
        3,
        10,
        13
      ],
      [
        8,
        12,
        18
      ]
    ],
    "surface": "trinion",
    "n_arrows": 18,
    "q_max": 5,
    "description": "7-region model with PAL \u2014 trinion b1=2",
    "relations": [
      "f_CA1sp_HPF*f_HPF_BLA - 104848401.13425562*f_CA1sp_BLA",
      "f_CA1sp_HPF*f_HPF_sAMY - 1170812.3569494174*f_CA1sp_sAMY",
      "f_CA1sp_sAMY*f_sAMY_BLA - 30972346.41954238*f_CA1sp_BLA",
      "f_CA1sp_sAMY*f_sAMY_HY - 2150420.691102798*f_CA1sp_HY",
      "f_CA1sp_sAMY*f_sAMY_HPF - 13.180013385681967*f_CA1sp_HPF",
      "f_CA1sp_sAMY*f_sAMY_LA - 3837645.6392072425*f_CA1sp_LA",
      "f_CA1sp_sAMY*f_sAMY_PAL - 22727900.5977732*f_CA1sp_PAL",
      "f_BLA_sAMY*f_sAMY_HY - 140249887.46525523*f_BLA_HY",
      "f_BLA_sAMY*f_sAMY_HPF - 158032813.59355867*f_BLA_HPF",
      "f_BLA_sAMY*f_sAMY_LA - 6400.817774470446*f_BLA_LA",
      "f_BLA_sAMY*f_sAMY_PAL - 1482307863.9205763*f_BLA_PAL",
      "f_BLA_LA*f_LA_sAMY - 3153.4477673061265*f_BLA_sAMY",
      "f_HY_sAMY*f_sAMY_BLA - 200229022.78124848*f_HY_BLA",
      "f_HY_sAMY*f_sAMY_HPF - 15664664.603696*f_HY_HPF",
      "f_HY_sAMY*f_sAMY_LA - 24809487.331394095*f_HY_LA",
      "f_HY_sAMY*f_sAMY_PAL - 5694.948011672305*f_HY_PAL",
      "f_HY_PAL*f_PAL_sAMY - 401579.6391354024*f_HY_sAMY",
      "f_HPF_CA1sp*f_CA1sp_sAMY - 34286.651618178694*f_HPF_sAMY",
      "f_HPF_BLA*f_BLA_sAMY - 5840.548115620727*f_HPF_sAMY",
      "f_HPF_BLA*f_BLA_LA - 22300673.575813632*f_HPF_LA",
      "f_HPF_sAMY*f_sAMY_BLA - 345859.4076726519*f_HPF_BLA",
      "f_HPF_sAMY*f_sAMY_HY - 13694885.258326963*f_HPF_HY",
      "f_HPF_sAMY*f_sAMY_LA - 24439923.271064565*f_HPF_LA",
      "f_HPF_sAMY*f_sAMY_PAL - 144741906.61248878*f_HPF_PAL",
      "f_sAMY_BLA*f_BLA_LA - 315586.00524592004*f_sAMY_LA",
      "f_sAMY_HY*f_HY_PAL - 2441.105706622137*f_sAMY_PAL",
      "f_sAMY_HPF*f_HPF_CA1sp - 724216227.4352616*f_sAMY_CA1sp",
      "f_sAMY_HPF*f_HPF_BLA - 44.61732771866818*f_sAMY_BLA",
      "f_sAMY_LA*f_LA_BLA - 18747.14369369616*f_sAMY_BLA",
      "f_sAMY_PAL*f_PAL_HY - 439267.4280862323*f_sAMY_HY",
      "f_LA_BLA*f_BLA_sAMY - 1876148.464992309*f_LA_sAMY",
      "f_LA_sAMY*f_sAMY_BLA - 1076.6783916327693*f_LA_BLA",
      "f_LA_sAMY*f_sAMY_HY - 11310444.292865729*f_LA_HY",
      "f_LA_sAMY*f_sAMY_HPF - 12744547.371117042*f_LA_HPF",
      "f_LA_sAMY*f_sAMY_PAL - 119540634.38306777*f_LA_PAL",
      "f_PAL_HY*f_HY_sAMY - 2670.200679853142*f_PAL_sAMY",
      "f_PAL_sAMY*f_sAMY_BLA - 3116565334.9096637*f_PAL_BLA",
      "f_PAL_sAMY*f_sAMY_HY - 5206.33905724803*f_PAL_HY",
      "f_PAL_sAMY*f_sAMY_HPF - 243820551.1305996*f_PAL_HPF",
      "f_PAL_sAMY*f_sAMY_LA - 386159744.07654345*f_PAL_LA",
      "f_CA1sp_HPF*f_HPF_CA1sp - 16.983352661132812*e_CA1sp",
      "f_HPF_CA1sp*f_CA1sp_HPF - 16.983352661132812*e_HPF",
      "f_BLA_LA*f_LA_BLA - 2.064812660217285*e_BLA",
      "f_BLA_sAMY*f_sAMY_BLA - 27.752208471298218*e_BLA",
      "f_HPF_sAMY*f_sAMY_HPF - 37.5367151722312*e_HPF",
      "f_HY_PAL*f_PAL_HY - 11.434530854225159*e_HY",
      "f_LA_BLA*f_BLA_LA - 2.064812660217285*e_LA",
      "f_LA_sAMY*f_sAMY_LA - 97.51983719691634*e_LA",
      "f_PAL_HY*f_HY_PAL - 11.434530854225159*e_PAL",
      "f_PAL_sAMY*f_sAMY_PAL - 49.42224168777466*e_PAL",
      "f_sAMY_BLA*f_BLA_sAMY - 27.752208471298218*e_sAMY",
      "f_sAMY_HPF*f_HPF_sAMY - 37.5367151722312*e_sAMY",
      "f_sAMY_HY*f_HY_sAMY - 27.09020965732634*e_sAMY",
      "f_sAMY_LA*f_LA_sAMY - 97.51983719691634*e_sAMY",
      "f_sAMY_PAL*f_PAL_sAMY - 49.42224168777466*e_sAMY",
      "f_HY_sAMY*f_sAMY_HY - 27.09020965732634*e_HY",
      "f_sAMY_HY*f_HY_sAMY - 27.09020965732634*e_sAMY"
    ]
  },
  "Q_7L": {
    "nodes": [
      "CA1sp",
      "HPF",
      "BLA",
      "sAMY",
      "HY",
      "LA",
      "LSX"
    ],
    "node_symbols": [
      "CA1sp",
      "HPF",
      "BLA",
      "sAMY",
      "HY",
      "LA",
      "LSX"
    ],
    "region_to_idx": {
      "BLA": 0,
      "CA1sp": 1,
      "HPF": 2,
      "HY": 3,
      "LA": 4,
      "LSX": 5,
      "sAMY": 6
    },
    "b1": 1,
    "b1_cycles": [
      [
        5,
        11,
        12
      ]
    ],
    "surface": "cylinder",
    "n_arrows": 16,
    "q_max": 4,
    "description": "7-region model with LSX \u2014 cylinder b1=1",